,level_1,level_2,level_3,level_4,level_5,level_6,level_7,level_8,level_9,level_10
annRet,0.2432045834040973,0.14333069554880237,0.11888950234174298,0.09404409815855067,0.098093269529422,0.1310718706704289,0.10619412115449181,0.07681004549244871,0.04007776280332524,-0.014379948846221988
sharpe,0.05701007825041885,0.05348964336449738,0.054378034506436204,0.04794029715384551,0.052682076733289646,0.06977725438698665,0.05429681200297392,0.0349422134902574,0.014520370392734808,-0.00357755468762906
turnover,0.0003149587192947588,0.00031715238407239993,0.000222510881456347,0.0003072421885720181,0.00021771645874357203,0.0002528391405926179,0.0003065107562532728,0.0003768096317979075,0.0004025603450216025,0.00039510666870712965
maxdrawdown,0.5364288212987385,0.36213885849291844,0.3080520313983546,0.3007147481848182,0.28970287724019206,0.31035491926985864,0.291185764608498,0.37675320057144873,0.4778508818691868,0.7847132113612547
